-- phpMyAdmin SQL Dump
-- version 4.1.14
-- http://www.phpmyadmin.net
--
-- Host: 127.0.0.1
-- Generation Time: Apr 30, 2016 at 08:47 AM
-- Server version: 5.6.17
-- PHP Version: 5.5.12

SET SQL_MODE = "NO_AUTO_VALUE_ON_ZERO";
SET time_zone = "+00:00";


/*!40101 SET @OLD_CHARACTER_SET_CLIENT=@@CHARACTER_SET_CLIENT */;
/*!40101 SET @OLD_CHARACTER_SET_RESULTS=@@CHARACTER_SET_RESULTS */;
/*!40101 SET @OLD_COLLATION_CONNECTION=@@COLLATION_CONNECTION */;
/*!40101 SET NAMES utf8 */;

--
-- Database: `cas_db`
--

-- --------------------------------------------------------

--
-- Table structure for table `attendance`
--

CREATE TABLE IF NOT EXISTS `attendance` (
  `student_id` text NOT NULL,
  `status` text NOT NULL,
  `class_id` text NOT NULL,
  `subject_id` text NOT NULL,
  `attendance_type` text NOT NULL,
  `date` datetime NOT NULL DEFAULT CURRENT_TIMESTAMP
) ENGINE=InnoDB DEFAULT CHARSET=latin1;

--
-- Dumping data for table `attendance`
--

INSERT INTO `attendance` (`student_id`, `status`, `class_id`, `subject_id`, `attendance_type`, `date`) VALUES
('1306047', '0', 'COMPA1', 'AJAVA', 'Practical', '2016-03-27 19:46:02'),
('1306001', '0', 'COMPA1', 'AJAVA', 'Practical', '2016-03-27 19:49:25'),
('1306001', '0', 'COMPA1', 'AJAVA', 'Practical', '2016-03-27 19:51:21'),
('1306025', '1', 'COMPA1', 'AJAVA', 'Practical', '2016-03-27 19:51:32'),
('1306002', '1', 'COMPA1', 'AJAVA', 'Practical', '2016-03-27 19:51:43'),
('1306042', '0', 'COMPA1', 'AJAVA', 'Practical', '2016-03-27 19:51:58'),
('1306045', '1', 'COMPA1', 'AJAVA', 'Practical', '2016-03-27 19:52:04'),
('1306001', '1', 'COMPA1', 'AJAVA', 'Practical', '2016-03-27 20:01:37'),
('1306002', '0', 'COMPA1', 'AJAVA', 'Practical', '2016-03-27 20:01:41'),
('1306025', '1', 'COMPA1', 'AJAVA', 'Practical', '2016-03-27 20:01:45'),
('1306026', '1', 'COMPA1', 'AJAVA', 'Practical', '2016-03-27 20:01:48'),
('1306042', '0', 'COMPA1', 'AJAVA', 'Practical', '2016-03-27 20:01:52'),
('1306043', '1', 'COMPA1', 'AJAVA', 'Practical', '2016-03-27 20:01:55'),
('1306001', '1', 'COMPA1', 'AJAVA', 'Practical', '2016-03-27 20:04:35'),
('1306002', '0', 'COMPA1', 'AJAVA', 'Practical', '2016-03-27 20:04:42'),
('1306026', '1', 'COMPA1', 'AJAVA', 'Practical', '2016-03-27 20:04:43'),
('1306025', '0', 'COMPA1', 'AJAVA', 'Practical', '2016-03-27 20:04:47'),
('1306042', '0', 'COMPA1', 'AJAVA', 'Practical', '2016-03-27 20:04:47'),
('1306043', '0', 'COMPA1', 'AJAVA', 'Practical', '2016-03-27 20:04:48'),
('1306046', '1', 'COMPA1', 'AJAVA', 'Practical', '2016-03-27 20:04:49'),
('1306045', '1', 'COMPA1', 'AJAVA', 'Practical', '2016-03-27 20:04:50'),
('1306049', '1', 'COMPA1', 'AJAVA', 'Practical', '2016-03-27 20:04:51'),
('1306047', '1', 'COMPA1', 'AJAVA', 'Practical', '2016-03-27 20:04:52'),
('1306050', '1', 'COMPA1', 'AJAVA', 'Practical', '2016-03-27 20:04:52'),
('1306052', '1', 'COMPA1', 'AJAVA', 'Practical', '2016-03-27 20:04:53'),
('1306026', '1', 'COMPA1', 'AJAVA', 'Practical', '2016-03-27 20:05:02'),
('1306025', '1', 'COMPA1', 'AJAVA', 'Practical', '2016-03-27 20:07:20'),
('1306042', '0', 'COMPA1', 'AJAVA', 'Practical', '2016-03-27 20:07:21'),
('1306025', '1', 'COMPA1', 'AJAVA', 'Practical', '2016-03-27 20:07:26'),
('1306042', '0', 'COMPA1', 'AJAVA', 'Practical', '2016-03-27 20:07:27'),
('1306043', '1', 'COMPA1', 'AJAVA', 'Practical', '2016-03-27 20:07:29'),
('1306045', '1', 'COMPA1', 'AJAVA', 'Practical', '2016-03-27 20:07:30'),
('1306046', '1', 'COMPA1', 'AJAVA', 'Practical', '2016-03-27 20:07:31'),
('1306047', '1', 'COMPA1', 'AJAVA', 'Practical', '2016-03-27 20:07:32'),
('1306047', '1', 'COMPA1', 'AJAVA', 'Practical', '2016-03-27 20:07:33'),
('1306050', '1', 'COMPA1', 'AJAVA', 'Practical', '2016-03-27 20:07:33'),
('1306052', '1', 'COMPA1', 'AJAVA', 'Practical', '2016-03-27 20:07:34'),
('1306053', '1', 'COMPA1', 'AJAVA', 'Practical', '2016-03-27 20:07:35'),
('1306002', '1', 'COMPA1', 'AJAVA', 'Practical', '2016-03-27 20:12:24'),
('1306025', '0', 'COMPA1', 'AJAVA', 'Practical', '2016-03-27 20:12:30'),
('1306026', '1', 'COMPA1', 'AJAVA', 'Practical', '2016-03-27 20:12:32'),
('1306042', '1', 'COMPA1', 'AJAVA', 'Practical', '2016-03-27 20:13:36'),
('1306043', '0', 'COMPA1', 'AJAVA', 'Practical', '2016-03-27 20:13:37'),
('1306002', '1', 'COMPA1', 'AJAVA', 'Practical', '2016-03-27 20:18:14'),
('1306025', '0', 'COMPA1', 'AJAVA', 'Practical', '2016-03-27 20:18:18'),
('1306026', '1', 'COMPA1', 'AJAVA', 'Practical', '2016-03-27 20:18:20'),
('1306043', '0', 'COMPA1', 'AJAVA', 'Practical', '2016-03-27 20:18:21'),
('1306001', '1', 'COMPA1', 'AJAVA', 'Practical', '2016-03-27 20:22:27'),
('1306002', '0', 'COMPA1', 'AJAVA', 'Practical', '2016-03-27 20:22:29'),
('1306001', '1', 'COMPA1', 'AJAVA', 'Practical', '2016-03-27 20:22:36'),
('1306002', '0', 'COMPA1', 'AJAVA', 'Practical', '2016-03-27 20:22:37'),
('1306025', '1', 'COMPA1', 'AJAVA', 'Practical', '2016-03-27 20:22:38'),
('1306026', '0', 'COMPA1', 'AJAVA', 'Practical', '2016-03-27 20:22:39'),
('1306042', '0', 'COMPA1', 'AJAVA', 'Practical', '2016-03-29 16:06:05'),
('1306043', '0', 'COMPA1', 'AJAVA', 'Practical', '2016-03-29 16:06:06'),
('1306002', '1', 'COMPA1', 'AJAVA', 'Practical', '2016-03-29 16:06:28'),
('1306049', '1', 'COMPA1', 'AJAVA', 'Practical', '2016-03-29 16:06:57'),
('1306052', '1', 'COMPA1', 'AJAVA', 'Practical', '2016-03-29 16:06:59'),
('1306054', '1', 'COMPA1', 'AJAVA', 'Practical', '2016-03-29 16:07:00'),
('1306058', '1', 'COMPA1', 'AJAVA', 'Practical', '2016-03-29 16:07:02'),
('1306049', '0', 'COMPA1', 'AJAVA', 'Practical', '2016-03-29 16:07:04'),
('1306049', '0', 'COMPA1', 'AJAVA', 'Practical', '2016-03-29 16:07:05'),
('1306002', '1', 'COMPA1', 'AJAVA', 'Practical', '2016-03-29 16:07:49'),
('1306026', '1', 'COMPA1', 'AJAVA', 'Practical', '2016-03-29 16:07:51'),
('1306043', '1', 'COMPA1', 'AJAVA', 'Practical', '2016-03-29 16:07:51'),
('1306045', '0', 'COMPA1', 'AJAVA', 'Practical', '2016-03-29 16:07:58'),
('1306047', '0', 'COMPA1', 'AJAVA', 'Practical', '2016-03-29 16:07:59'),
('1306050', '0', 'COMPA1', 'AJAVA', 'Practical', '2016-03-29 16:08:00'),
('1306026', '1', 'COMPA1', 'AJAVA', 'Practical', '2016-03-29 16:08:08'),
('1306045', '1', 'COMPA1', 'AJAVA', 'Practical', '2016-03-29 16:08:19'),
('1306050', '1', 'COMPA1', 'AJAVA', 'Practical', '2016-03-29 16:08:21'),
('1306052', '0', 'COMPA1', 'AJAVA', 'Practical', '2016-03-29 16:08:24'),
('1306052', '1', 'COMPA1', 'AJAVA', 'Practical', '2016-03-29 16:08:30'),
('1306053', '1', 'COMPA1', 'AJAVA', 'Practical', '2016-03-29 16:08:32'),
('1306054', '1', 'COMPA1', 'AJAVA', 'Practical', '2016-03-29 16:08:35'),
('1306062', '0', 'COMPA1', 'AJAVA', 'Practical', '2016-03-29 16:08:37'),
('1306070', '1', 'COMPA1', 'AJAVA', 'Practical', '2016-03-29 16:08:43'),
('1306062', '1', 'COMPA1', 'AJAVA', 'Practical', '2016-03-29 16:08:45'),
('1306062', '1', 'COMPA1', 'AJAVA', 'Practical', '2016-03-29 16:08:50'),
('1306068', '1', 'COMPA1', 'AJAVA', 'Practical', '2016-03-29 16:08:51'),
('1306062', '0', 'COMPA1', 'AJAVA', 'Practical', '2016-03-29 16:08:53'),
('1306002', '1', 'COMPA1', 'AJAVA', 'Practical', '2016-03-29 16:09:09'),
('1306026', '1', 'COMPA1', 'AJAVA', 'Practical', '2016-03-29 16:09:10'),
('1306042', '0', 'COMPA1', 'AJAVA', 'Practical', '2016-03-29 16:09:10'),
('1306045', '1', 'COMPA1', 'AJAVA', 'Practical', '2016-03-29 16:09:11'),
('1306049', '1', 'COMPA1', 'AJAVA', 'Practical', '2016-03-29 16:09:11'),
('1306057', '1', 'COMPA1', 'AJAVA', 'Practical', '2016-03-29 16:09:21'),
('1306058', '1', 'COMPA1', 'AJAVA', 'Practical', '2016-03-29 16:09:22'),
('1306070', '1', 'COMPA1', 'AJAVA', 'Practical', '2016-03-29 16:09:24'),
('1306070', '1', 'COMPA1', 'AJAVA', 'Practical', '2016-03-29 16:09:24'),
('1306068', '1', 'COMPA1', 'AJAVA', 'Practical', '2016-03-29 16:09:24'),
('1306070', '1', 'COMPA1', 'AJAVA', 'Practical', '2016-03-29 16:09:24'),
('1306070', '1', 'COMPA1', 'AJAVA', 'Practical', '2016-03-29 16:09:24'),
('1306002', '1', 'COMPA1', 'SE', 'Practical', '2016-03-30 15:19:33'),
('1306002', '1', 'COMPA1', 'SE', 'Practical', '2016-03-30 15:19:35'),
('1306025', '1', 'COMPA1', 'SE', 'Practical', '2016-03-30 15:19:38'),
('1306026', '1', 'COMPA1', 'SE', 'Practical', '2016-03-30 15:19:39'),
('1306042', '1', 'COMPA1', 'SE', 'Practical', '2016-03-30 15:19:39'),
('1306043', '1', 'COMPA1', 'SE', 'Practical', '2016-03-30 15:19:40'),
('1306045', '1', 'COMPA1', 'SE', 'Practical', '2016-03-30 15:19:41'),
('1306046', '1', 'COMPA1', 'SE', 'Practical', '2016-03-30 15:19:41'),
('1306047', '1', 'COMPA1', 'SE', 'Practical', '2016-03-30 15:19:42'),
('1306049', '1', 'COMPA1', 'SE', 'Practical', '2016-03-30 15:19:43'),
('1306050', '1', 'COMPA1', 'SE', 'Practical', '2016-03-30 15:19:43'),
('1306052', '1', 'COMPA1', 'SE', 'Practical', '2016-03-30 15:19:43'),
('1306054', '0', 'COMPA1', 'SE', 'Practical', '2016-03-30 15:19:43'),
('1306054', '1', 'COMPA1', 'SE', 'Practical', '2016-03-30 15:19:44'),
('1306058', '0', 'COMPA1', 'SE', 'Practical', '2016-03-30 15:19:45'),
('1306058', '1', 'COMPA1', 'SE', 'Practical', '2016-03-30 15:19:46'),
('1306062', '1', 'COMPA1', 'SE', 'Practical', '2016-03-30 15:19:46'),
('1306068', '1', 'COMPA1', 'SE', 'Practical', '2016-03-30 15:19:47'),
('1306070', '1', 'COMPA1', 'SE', 'Practical', '2016-03-30 15:19:48'),
('1306070', '1', 'COMPA1', 'SE', 'Practical', '2016-03-30 15:19:48'),
('1306002', '1', 'COMPA1', 'ST', 'Practical', '2016-03-30 15:19:57'),
('1306025', '1', 'COMPA1', 'ST', 'Practical', '2016-03-30 15:19:59'),
('1306026', '1', 'COMPA1', 'ST', 'Practical', '2016-03-30 15:19:59'),
('1306043', '0', 'COMPA1', 'ST', 'Practical', '2016-03-30 15:20:01'),
('1306042', '1', 'COMPA1', 'ST', 'Practical', '2016-03-30 15:20:01'),
('1306045', '1', 'COMPA1', 'ST', 'Practical', '2016-03-30 15:20:01'),
('1306046', '1', 'COMPA1', 'ST', 'Practical', '2016-03-30 15:20:02'),
('1306047', '0', 'COMPA1', 'ST', 'Practical', '2016-03-30 15:20:03'),
('1306049', '1', 'COMPA1', 'ST', 'Practical', '2016-03-30 15:20:04'),
('1306050', '0', 'COMPA1', 'ST', 'Practical', '2016-03-30 15:20:04'),
('1306052', '1', 'COMPA1', 'ST', 'Practical', '2016-03-30 15:20:04'),
('1306053', '0', 'COMPA1', 'ST', 'Practical', '2016-03-30 15:20:05'),
('1306054', '1', 'COMPA1', 'ST', 'Practical', '2016-03-30 15:20:05'),
('1306057', '0', 'COMPA1', 'ST', 'Practical', '2016-03-30 15:20:06'),
('1306058', '1', 'COMPA1', 'ST', 'Practical', '2016-03-30 15:20:06'),
('1306002', '0', 'COMPA1', 'SE', 'Practical', '2016-03-30 15:20:07'),
('1306068', '1', 'COMPA1', 'ST', 'Practical', '2016-03-30 15:20:07'),
('1306062', '0', 'COMPA1', 'ST', 'Practical', '2016-03-30 15:20:07'),
('1306070', '1', 'COMPA1', 'ST', 'Practical', '2016-03-30 15:20:08'),
('1306070', '1', 'COMPA1', 'ST', 'Practical', '2016-03-30 15:20:08'),
('1306025', '0', 'COMPA1', 'SE', 'Practical', '2016-03-30 15:20:09'),
('1306026', '0', 'COMPA1', 'SE', 'Practical', '2016-03-30 15:20:10'),
('1306042', '1', 'COMPA1', 'SE', 'Practical', '2016-03-30 15:20:10'),
('1306070', '1', 'COMPA1', 'ST', 'Practical', '2016-03-30 15:20:11'),
('1306043', '1', 'COMPA1', 'SE', 'Practical', '2016-03-30 15:20:12'),
('1306045', '1', 'COMPA1', 'SE', 'Practical', '2016-03-30 15:20:13'),
('1306046', '0', 'COMPA1', 'SE', 'Practical', '2016-03-30 15:20:21'),
('1306002', '1', 'COMPA1', 'ST', 'LECTURE', '2016-03-30 15:20:21'),
('1306047', '0', 'COMPA1', 'SE', 'Practical', '2016-03-30 15:20:22'),
('1306025', '0', 'COMPA1', 'ST', 'LECTURE', '2016-03-30 15:20:22'),
('1306050', '0', 'COMPA1', 'SE', 'Practical', '2016-03-30 15:20:22'),
('1306026', '1', 'COMPA1', 'ST', 'LECTURE', '2016-03-30 15:20:22'),
('1306053', '0', 'COMPA1', 'SE', 'Practical', '2016-03-30 15:20:23'),
('1306042', '1', 'COMPA1', 'ST', 'LECTURE', '2016-03-30 15:20:23'),
('1306043', '1', 'COMPA1', 'ST', 'LECTURE', '2016-03-30 15:20:24'),
('1306050', '1', 'COMPA1', 'SE', 'Practical', '2016-03-30 15:20:24'),
('1306045', '1', 'COMPA1', 'ST', 'LECTURE', '2016-03-30 15:20:24'),
('1306054', '1', 'COMPA1', 'SE', 'Practical', '2016-03-30 15:20:24'),
('1306046', '1', 'COMPA1', 'ST', 'LECTURE', '2016-03-30 15:20:24'),
('1306058', '1', 'COMPA1', 'SE', 'Practical', '2016-03-30 15:20:25'),
('1306047', '0', 'COMPA1', 'ST', 'LECTURE', '2016-03-30 15:20:25'),
('1306062', '1', 'COMPA1', 'SE', 'Practical', '2016-03-30 15:20:25'),
('1306049', '1', 'COMPA1', 'ST', 'LECTURE', '2016-03-30 15:20:25'),
('1306062', '1', 'COMPA1', 'SE', 'Practical', '2016-03-30 15:20:26'),
('1306050', '1', 'COMPA1', 'ST', 'LECTURE', '2016-03-30 15:20:26'),
('1306062', '1', 'COMPA1', 'SE', 'Practical', '2016-03-30 15:20:26'),
('1306052', '1', 'COMPA1', 'ST', 'LECTURE', '2016-03-30 15:20:26'),
('1306070', '1', 'COMPA1', 'SE', 'Practical', '2016-03-30 15:20:27'),
('1306053', '0', 'COMPA1', 'ST', 'LECTURE', '2016-03-30 15:20:27'),
('1306054', '1', 'COMPA1', 'ST', 'LECTURE', '2016-03-30 15:20:27'),
('1306070', '1', 'COMPA1', 'SE', 'Practical', '2016-03-30 15:20:28'),
('1306057', '1', 'COMPA1', 'ST', 'LECTURE', '2016-03-30 15:20:28'),
('1306058', '1', 'COMPA1', 'ST', 'LECTURE', '2016-03-30 15:20:28'),
('1306070', '1', 'COMPA1', 'SE', 'Practical', '2016-03-30 15:20:28'),
('1306062', '1', 'COMPA1', 'ST', 'LECTURE', '2016-03-30 15:20:29'),
('1306068', '1', 'COMPA1', 'ST', 'LECTURE', '2016-03-30 15:20:29'),
('1306070', '0', 'COMPA1', 'ST', 'LECTURE', '2016-03-30 15:20:30'),
('1306070', '1', 'COMPA1', 'ST', 'LECTURE', '2016-03-30 15:20:30'),
('1306002', '0', 'COMPA1', 'SE', 'LECTURE', '2016-03-30 15:21:26'),
('1306025', '1', 'COMPA1', 'SE', 'LECTURE', '2016-03-30 15:21:27'),
('1306042', '1', 'COMPA1', 'SE', 'LECTURE', '2016-03-30 15:21:28'),
('1306026', '1', 'COMPA1', 'SE', 'LECTURE', '2016-03-30 15:21:28'),
('1306045', '1', 'COMPA1', 'SE', 'LECTURE', '2016-03-30 15:21:28'),
('1306046', '0', 'COMPA1', 'SE', 'LECTURE', '2016-03-30 15:21:28'),
('1306046', '1', 'COMPA1', 'SE', 'LECTURE', '2016-03-30 15:21:29'),
('1306049', '1', 'COMPA1', 'SE', 'LECTURE', '2016-03-30 15:21:29'),
('1306050', '0', 'COMPA1', 'SE', 'LECTURE', '2016-03-30 15:21:29'),
('1306050', '1', 'COMPA1', 'SE', 'LECTURE', '2016-03-30 15:21:30'),
('1306053', '1', 'COMPA1', 'SE', 'LECTURE', '2016-03-30 15:21:30'),
('1306054', '0', 'COMPA1', 'SE', 'LECTURE', '2016-03-30 15:21:30'),
('1306054', '1', 'COMPA1', 'SE', 'LECTURE', '2016-03-30 15:21:30'),
('1306058', '1', 'COMPA1', 'SE', 'LECTURE', '2016-03-30 15:21:30'),
('1306062', '0', 'COMPA1', 'SE', 'LECTURE', '2016-03-30 15:21:32'),
('1306070', '1', 'COMPA1', 'SE', 'LECTURE', '2016-03-30 15:21:32'),
('1306062', '1', 'COMPA1', 'SE', 'LECTURE', '2016-03-30 15:21:32'),
('1306070', '1', 'COMPA1', 'SE', 'LECTURE', '2016-03-30 15:21:32'),
('1306070', '1', 'COMPA1', 'SE', 'LECTURE', '2016-03-30 15:21:32'),
('1306062', '0', 'COMPA1', 'SE', 'LECTURE', '2016-03-30 15:21:33'),
('1306062', '1', 'COMPA1', 'SE', 'LECTURE', '2016-03-30 15:21:33'),
('1306070', '1', 'COMPA1', 'SE', 'LECTURE', '2016-03-30 15:21:34'),
('1306070', '1', 'COMPA1', 'SE', 'LECTURE', '2016-03-30 15:21:34'),
('1306070', '1', 'COMPA1', 'SE', 'LECTURE', '2016-03-30 15:21:34'),
('1306002', '1', 'COMPA1', 'JSP', 'Practical', '2016-03-30 22:38:50'),
('1306049', '0', 'COMPA1', 'JSP', 'Practical', '2016-03-30 22:39:01'),
('1306049', '1', 'COMPA1', 'JSP', 'Practical', '2016-03-30 22:39:01'),
('1306046', '1', 'COMPA1', 'JSP', 'Practical', '2016-03-30 22:39:01'),
('1306046', '1', 'COMPA1', 'JSP', 'Practical', '2016-03-30 22:39:01'),
('1306047', '1', 'COMPA1', 'JSP', 'Practical', '2016-03-30 22:39:01'),
('1306049', '1', 'COMPA1', 'JSP', 'Practical', '2016-03-30 22:39:02'),
('1306053', '0', 'COMPA1', 'JSP', 'Practical', '2016-03-30 22:39:02'),
('1306054', '1', 'COMPA1', 'JSP', 'Practical', '2016-03-30 22:39:03'),
('1306054', '1', 'COMPA1', 'JSP', 'Practical', '2016-03-30 22:39:03'),
('1306054', '1', 'COMPA1', 'JSP', 'Practical', '2016-03-30 22:39:03'),
('1306054', '1', 'COMPA1', 'JSP', 'Practical', '2016-03-30 22:39:03'),
('1306047', '0', 'COMPA1', 'JSP', 'Practical', '2016-03-30 22:39:14'),
('1306046', '1', 'COMPA1', 'JSP', 'Practical', '2016-03-30 22:39:15'),
('1306045', '1', 'COMPA1', 'JSP', 'Practical', '2016-03-30 22:39:16'),
('1306043', '1', 'COMPA1', 'JSP', 'Practical', '2016-03-30 22:39:16'),
('1306042', '1', 'COMPA1', 'JSP', 'Practical', '2016-03-30 22:39:17'),
('1306026', '1', 'COMPA1', 'JSP', 'Practical', '2016-03-30 22:39:17'),
('1306025', '1', 'COMPA1', 'JSP', 'Practical', '2016-03-30 22:39:19'),
('1306002', '0', 'COMPA1', 'JSP', 'LECTURE', '2016-03-30 22:39:29'),
('1306026', '0', 'COMPA1', 'JSP', 'LECTURE', '2016-03-30 22:39:30'),
('1306043', '0', 'COMPA1', 'JSP', 'LECTURE', '2016-03-30 22:39:31'),
('1306026', '0', 'COMPA1', 'JSP', 'LECTURE', '2016-03-30 22:39:31'),
('1306045', '0', 'COMPA1', 'JSP', 'LECTURE', '2016-03-30 22:39:32'),
('1306047', '0', 'COMPA1', 'JSP', 'LECTURE', '2016-03-30 22:39:32'),
('1306045', '1', 'COMPA1', 'JSP', 'LECTURE', '2016-03-30 22:39:33'),
('1306049', '1', 'COMPA1', 'JSP', 'LECTURE', '2016-03-30 22:39:33'),
('1306049', '1', 'COMPA1', 'JSP', 'LECTURE', '2016-03-30 22:39:33'),
('1306052', '1', 'COMPA1', 'JSP', 'LECTURE', '2016-03-30 22:39:34'),
('1306054', '1', 'COMPA1', 'JSP', 'LECTURE', '2016-03-30 22:39:34'),
('1306058', '1', 'COMPA1', 'JSP', 'LECTURE', '2016-03-30 22:39:35'),
('1306052', '1', 'COMPA1', 'JSP', 'LECTURE', '2016-03-30 22:39:35'),
('1306058', '1', 'COMPA1', 'JSP', 'LECTURE', '2016-03-30 22:39:36'),
('1306058', '1', 'COMPA1', 'JSP', 'LECTURE', '2016-03-30 22:39:37'),
('1306068', '1', 'COMPA1', 'JSP', 'LECTURE', '2016-03-30 22:39:37'),
('1306068', '1', 'COMPA1', 'JSP', 'LECTURE', '2016-03-30 22:39:38'),
('1306070', '1', 'COMPA1', 'JSP', 'LECTURE', '2016-03-30 22:39:38'),
('1306070', '1', 'COMPA1', 'JSP', 'LECTURE', '2016-03-30 22:39:39'),
('1306068', '1', 'COMPA1', 'JSP', 'Practical', '2016-03-30 22:41:56'),
('1306068', '0', 'COMPA1', 'JSP', 'Practical', '2016-03-30 22:42:06'),
('1306068', '1', 'COMPA1', 'JSP', 'LECTURE', '2016-03-30 22:42:17'),
('1306068', '0', 'COMPA1', 'JSP', 'LECTURE', '2016-03-30 22:42:18'),
('1306068', '1', 'COMPA1', 'JSP', 'LECTURE', '2016-03-30 22:43:06'),
('1306068', '1', 'COMPA1', 'JSP', 'Practical', '2016-03-30 22:45:45'),
('1306002', '1', 'COMPA1', 'JSP', 'Practical', '2016-03-30 22:46:07'),
('1306025', '1', 'COMPA1', 'JSP', 'Practical', '2016-03-30 22:46:18'),
('1306026', '1', 'COMPA1', 'JSP', 'Practical', '2016-03-30 22:46:22'),
('1306043', '1', 'COMPA1', 'JSP', 'Practical', '2016-03-30 22:46:22'),
('1306045', '1', 'COMPA1', 'JSP', 'Practical', '2016-03-30 22:46:23'),
('1306047', '1', 'COMPA1', 'JSP', 'Practical', '2016-03-30 22:46:24'),
('1306046', '1', 'COMPA1', 'JSP', 'Practical', '2016-03-30 22:46:24'),
('1306049', '1', 'COMPA1', 'JSP', 'Practical', '2016-03-30 22:46:25'),
('1306049', '1', 'COMPA1', 'JSP', 'Practical', '2016-03-30 22:46:26'),
('1306050', '1', 'COMPA1', 'JSP', 'Practical', '2016-03-30 22:46:26'),
('1306042', '1', 'COMPA1', 'JSP', 'Practical', '2016-03-30 22:46:27'),
('1306052', '1', 'COMPA1', 'JSP', 'Practical', '2016-03-30 22:46:27'),
('1306053', '1', 'COMPA1', 'JSP', 'Practical', '2016-03-30 22:46:28'),
('1306054', '1', 'COMPA1', 'JSP', 'Practical', '2016-03-30 22:46:29'),
('1306057', '1', 'COMPA1', 'JSP', 'Practical', '2016-03-30 22:46:30'),
('1306058', '1', 'COMPA1', 'JSP', 'Practical', '2016-03-30 22:46:31'),
('1306068', '1', 'COMPA1', 'JSP', 'Practical', '2016-03-30 22:46:31'),
('1306070', '1', 'COMPA1', 'JSP', 'Practical', '2016-03-30 22:46:32'),
('1306070', '1', 'COMPA1', 'JSP', 'Practical', '2016-03-30 22:46:32'),
('1306002', '1', 'COMPA1', 'AJAVA', 'Practical', '2016-04-01 16:18:19'),
('1306002', '1', 'COMPA1', 'SE', 'LECTURE', '2016-04-02 09:07:24'),
('1306025', '1', 'COMPA1', 'SE', 'LECTURE', '2016-04-02 09:07:26'),
('1306026', '0', 'COMPA1', 'SE', 'LECTURE', '2016-04-02 09:07:26'),
('1306042', '1', 'COMPA1', 'SE', 'LECTURE', '2016-04-02 09:07:29'),
('1306043', '1', 'COMPA1', 'SE', 'LECTURE', '2016-04-02 09:07:30'),
('1306045', '1', 'COMPA1', 'SE', 'LECTURE', '2016-04-02 09:07:30'),
('1306046', '1', 'COMPA1', 'SE', 'LECTURE', '2016-04-02 09:07:31'),
('1306049', '0', 'COMPA1', 'SE', 'LECTURE', '2016-04-02 09:07:31'),
('1306049', '1', 'COMPA1', 'SE', 'LECTURE', '2016-04-02 09:07:32'),
('1306052', '0', 'COMPA1', 'SE', 'LECTURE', '2016-04-02 09:07:32'),
('1306052', '1', 'COMPA1', 'SE', 'LECTURE', '2016-04-02 09:07:32'),
('1306054', '0', 'COMPA1', 'SE', 'LECTURE', '2016-04-02 09:07:32'),
('1306054', '1', 'COMPA1', 'SE', 'LECTURE', '2016-04-02 09:07:33'),
('1306058', '0', 'COMPA1', 'SE', 'LECTURE', '2016-04-02 09:07:33'),
('1306058', '1', 'COMPA1', 'SE', 'LECTURE', '2016-04-02 09:07:33'),
('1306068', '0', 'COMPA1', 'SE', 'LECTURE', '2016-04-02 09:07:34'),
('1306068', '1', 'COMPA1', 'SE', 'LECTURE', '2016-04-02 09:07:36'),
('1306070', '0', 'COMPA1', 'SE', 'LECTURE', '2016-04-02 09:07:36'),
('1306068', '1', 'COMPA1', 'SE', 'LECTURE', '2016-04-02 09:07:37'),
('1306002', '0', 'COMPA1', 'SE', 'LECTURE', '2016-04-02 10:46:40'),
('1306025', '0', 'COMPA1', 'SE', 'LECTURE', '2016-04-02 10:46:41'),
('1306042', '1', 'COMPA1', 'SE', 'LECTURE', '2016-04-02 10:46:41'),
('1306045', '0', 'COMPA1', 'SE', 'LECTURE', '2016-04-02 10:46:42'),
('1306047', '1', 'COMPA1', 'SE', 'LECTURE', '2016-04-02 10:46:42'),
('1306049', '0', 'COMPA1', 'SE', 'LECTURE', '2016-04-02 10:46:42'),
('1306052', '1', 'COMPA1', 'SE', 'LECTURE', '2016-04-02 10:46:43'),
('1306054', '0', 'COMPA1', 'SE', 'LECTURE', '2016-04-02 10:46:43'),
('1306058', '0', 'COMPA1', 'SE', 'LECTURE', '2016-04-02 10:46:43'),
('1306062', '1', 'COMPA1', 'SE', 'LECTURE', '2016-04-02 10:46:43'),
('1306068', '0', 'COMPA1', 'SE', 'LECTURE', '2016-04-02 10:46:44'),
('1306042', '0', 'COMPA1', 'SE', 'LECTURE', '2016-04-02 10:46:46'),
('1306045', '1', 'COMPA1', 'SE', 'LECTURE', '2016-04-02 10:46:46'),
('1306049', '0', 'COMPA1', 'SE', 'LECTURE', '2016-04-02 10:46:47'),
('1306054', '1', 'COMPA1', 'SE', 'LECTURE', '2016-04-02 10:46:47'),
('1306068', '0', 'COMPA1', 'SE', 'LECTURE', '2016-04-02 10:46:47'),
('1306070', '0', 'COMPA1', 'SE', 'LECTURE', '2016-04-02 10:46:48'),
('1306068', '0', 'COMPA1', 'SE', 'LECTURE', '2016-04-02 10:46:48'),
('1306068', '0', 'COMPA1', 'SE', 'LECTURE', '2016-04-02 10:46:49'),
('1306002', '1', 'COMPA1', 'SE', 'LECTURE', '2016-04-02 11:17:38'),
('1306026', '0', 'COMPA1', 'SE', 'LECTURE', '2016-04-02 11:17:40'),
('1306042', '0', 'COMPA1', 'SE', 'LECTURE', '2016-04-02 11:17:40'),
('1306043', '0', 'COMPA1', 'SE', 'LECTURE', '2016-04-02 11:17:40'),
('1306045', '0', 'COMPA1', 'SE', 'LECTURE', '2016-04-02 11:17:40'),
('1306045', '1', 'COMPA1', 'SE', 'LECTURE', '2016-04-02 11:17:40'),
('1306046', '1', 'COMPA1', 'SE', 'LECTURE', '2016-04-02 11:17:41'),
('1306050', '1', 'COMPA1', 'SE', 'LECTURE', '2016-04-02 11:17:41'),
('1306052', '1', 'COMPA1', 'SE', 'LECTURE', '2016-04-02 11:17:41'),
('1306057', '1', 'COMPA1', 'SE', 'LECTURE', '2016-04-02 11:17:41'),
('1306053', '1', 'COMPA1', 'SE', 'LECTURE', '2016-04-02 11:17:41'),
('1306058', '1', 'COMPA1', 'SE', 'LECTURE', '2016-04-02 11:17:41'),
('1306062', '1', 'COMPA1', 'SE', 'LECTURE', '2016-04-02 11:17:42'),
('1306068', '1', 'COMPA1', 'SE', 'LECTURE', '2016-04-02 11:17:42'),
('1306068', '1', 'COMPA1', 'SE', 'LECTURE', '2016-04-02 11:17:42'),
('1306070', '1', 'COMPA1', 'SE', 'LECTURE', '2016-04-02 11:17:42'),
('1306070', '1', 'COMPA1', 'SE', 'LECTURE', '2016-04-02 11:17:42'),
('1306047', '1', 'COMPA1', 'SE', 'LECTURE', '2016-04-02 11:17:42'),
('1306047', '0', 'COMPA1', 'SE', 'LECTURE', '2016-04-02 11:17:43'),
('1306002', '1', 'COMPA1', 'SE', 'Practical', '2016-04-02 11:23:29'),
('1306025', '1', 'COMPA1', 'SE', 'Practical', '2016-04-02 11:23:29'),
('1306026', '1', 'COMPA1', 'SE', 'Practical', '2016-04-02 11:23:29'),
('1306043', '0', 'COMPA1', 'SE', 'Practical', '2016-04-02 11:23:30'),
('1306045', '0', 'COMPA1', 'SE', 'Practical', '2016-04-02 11:23:30'),
('1306045', '1', 'COMPA1', 'SE', 'Practical', '2016-04-02 11:23:30'),
('1306047', '0', 'COMPA1', 'SE', 'Practical', '2016-04-02 11:23:31'),
('1306047', '1', 'COMPA1', 'SE', 'Practical', '2016-04-02 11:23:31'),
('1306050', '0', 'COMPA1', 'SE', 'Practical', '2016-04-02 11:23:31'),
('1306050', '1', 'COMPA1', 'SE', 'Practical', '2016-04-02 11:23:31'),
('1306053', '0', 'COMPA1', 'SE', 'Practical', '2016-04-02 11:23:31'),
('1306053', '1', 'COMPA1', 'SE', 'Practical', '2016-04-02 11:23:31'),
('1306057', '0', 'COMPA1', 'SE', 'Practical', '2016-04-02 11:23:32'),
('1306057', '1', 'COMPA1', 'SE', 'Practical', '2016-04-02 11:23:32'),
('1306058', '1', 'COMPA1', 'SE', 'Practical', '2016-04-02 11:23:33'),
('1306068', '0', 'COMPA1', 'SE', 'Practical', '2016-04-02 11:23:33'),
('1306068', '1', 'COMPA1', 'SE', 'Practical', '2016-04-02 11:23:34'),
('1306070', '1', 'COMPA1', 'SE', 'Practical', '2016-04-02 11:23:35'),
('1306070', '0', 'COMPA1', 'SE', 'Practical', '2016-04-02 11:23:35'),
('1306043', '0', 'COMPA1', 'ST', 'LECTURE', '2016-04-03 12:46:18'),
('1306043', '1', 'COMPA1', 'SE', 'LECTURE', '2016-04-03 12:49:58'),
('1306002', '1', 'COMPA1', 'SE', 'LECTURE', '2016-04-03 12:50:00'),
('1306025', '1', 'COMPA1', 'SE', 'LECTURE', '2016-04-03 12:50:04'),
('1306053', '1', 'COMPA1', 'SE', 'LECTURE', '2016-04-03 12:50:08'),
('1306054', '1', 'COMPA1', 'SE', 'LECTURE', '2016-04-03 12:50:08'),
('1306057', '1', 'COMPA1', 'SE', 'LECTURE', '2016-04-03 12:50:08'),
('1306058', '1', 'COMPA1', 'SE', 'LECTURE', '2016-04-03 12:50:08'),
('1306062', '1', 'COMPA1', 'SE', 'LECTURE', '2016-04-03 12:50:09'),
('1306068', '1', 'COMPA1', 'SE', 'LECTURE', '2016-04-03 12:50:09'),
('1306070', '1', 'COMPA1', 'SE', 'LECTURE', '2016-04-03 12:50:09'),
('1306070', '1', 'COMPA1', 'SE', 'LECTURE', '2016-04-03 12:50:09'),
('1306050', '1', 'COMPA1', 'SE', 'LECTURE', '2016-04-03 12:50:10'),
('1306049', '1', 'COMPA1', 'SE', 'LECTURE', '2016-04-03 12:50:10'),
('1306047', '1', 'COMPA1', 'SE', 'LECTURE', '2016-04-03 12:50:10'),
('1306046', '1', 'COMPA1', 'SE', 'LECTURE', '2016-04-03 12:50:11'),
('1306045', '1', 'COMPA1', 'SE', 'LECTURE', '2016-04-03 12:50:11'),
('1306043', '0', 'COMPA1', 'SE', 'LECTURE', '2016-04-03 12:50:12'),
('1306043', '0', 'COMPA1', 'SE', 'LECTURE', '2016-04-03 12:50:12'),
('1306025', '0', 'COMPA1', 'SE', 'LECTURE', '2016-04-03 12:50:12'),
('1306002', '1', 'COMPA1', 'SE', 'Practical', '2016-04-03 13:03:27'),
('1306025', '1', 'COMPA1', 'SE', 'Practical', '2016-04-03 13:03:27'),
('1306026', '1', 'COMPA1', 'SE', 'Practical', '2016-04-03 13:03:27'),
('1306042', '1', 'COMPA1', 'SE', 'Practical', '2016-04-03 13:03:28'),
('1306043', '1', 'COMPA1', 'SE', 'Practical', '2016-04-03 13:03:28'),
('1306045', '1', 'COMPA1', 'SE', 'Practical', '2016-04-03 13:03:29'),
('1306046', '1', 'COMPA1', 'SE', 'Practical', '2016-04-03 13:03:30'),
('1306047', '1', 'COMPA1', 'SE', 'Practical', '2016-04-03 13:03:31'),
('1306049', '1', 'COMPA1', 'SE', 'Practical', '2016-04-03 13:03:31'),
('1306050', '1', 'COMPA1', 'SE', 'Practical', '2016-04-03 13:03:32'),
('1306052', '1', 'COMPA1', 'SE', 'Practical', '2016-04-03 13:03:33'),
('1306053', '1', 'COMPA1', 'SE', 'Practical', '2016-04-03 13:03:33'),
('1306054', '1', 'COMPA1', 'SE', 'Practical', '2016-04-03 13:03:35'),
('1306057', '1', 'COMPA1', 'SE', 'Practical', '2016-04-03 13:03:35'),
('1306058', '1', 'COMPA1', 'SE', 'Practical', '2016-04-03 13:03:36'),
('1306062', '1', 'COMPA1', 'SE', 'Practical', '2016-04-03 13:03:37'),
('1306068', '1', 'COMPA1', 'SE', 'Practical', '2016-04-03 13:03:38'),
('1306070', '1', 'COMPA1', 'SE', 'Practical', '2016-04-03 13:03:39'),
('1306070', '1', 'COMPA1', 'SE', 'Practical', '2016-04-03 13:03:40'),
('1306001', '1', 'COMPA1', 'SE', 'LECTURE', '2016-04-19 22:32:51'),
('1306002', '1', 'COMPA1', 'SE', 'LECTURE', '2016-04-19 22:32:51'),
('1306012', '1', 'COMPA1', 'SE', 'LECTURE', '2016-04-19 22:32:51'),
('1306012', '1', 'COMPA1', 'SE', 'LECTURE', '2016-04-19 22:32:51'),
('1306025', '1', 'COMPA1', 'SE', 'LECTURE', '2016-04-19 22:32:51'),
('1306026', '1', 'COMPA1', 'SE', 'LECTURE', '2016-04-19 22:32:52'),
('1306042', '1', 'COMPA1', 'SE', 'LECTURE', '2016-04-19 22:32:52'),
('1306043', '1', 'COMPA1', 'SE', 'LECTURE', '2016-04-19 22:32:52'),
('1306045', '1', 'COMPA1', 'SE', 'LECTURE', '2016-04-19 22:32:52'),
('1306046', '1', 'COMPA1', 'SE', 'LECTURE', '2016-04-19 22:32:52'),
('1306047', '1', 'COMPA1', 'SE', 'LECTURE', '2016-04-19 22:32:52'),
('1306049', '1', 'COMPA1', 'SE', 'LECTURE', '2016-04-19 22:32:53'),
('1306050', '1', 'COMPA1', 'SE', 'LECTURE', '2016-04-19 22:32:53'),
('1306052', '1', 'COMPA1', 'SE', 'LECTURE', '2016-04-19 22:32:54'),
('1306053', '1', 'COMPA1', 'SE', 'LECTURE', '2016-04-19 22:32:54'),
('1306054', '1', 'COMPA1', 'SE', 'LECTURE', '2016-04-19 22:32:55'),
('1306057', '1', 'COMPA1', 'SE', 'LECTURE', '2016-04-19 22:32:55'),
('1306058', '1', 'COMPA1', 'SE', 'LECTURE', '2016-04-19 22:32:57'),
('1306068', '0', 'COMPA1', 'SE', 'LECTURE', '2016-04-19 22:32:57'),
('1306068', '1', 'COMPA1', 'SE', 'LECTURE', '2016-04-19 22:32:58'),
('1306070', '0', 'COMPA1', 'SE', 'LECTURE', '2016-04-19 22:32:58'),
('1306068', '0', 'COMPA1', 'SE', 'LECTURE', '2016-04-19 22:33:00'),
('1306001', '1', 'COMPA1', 'SE', 'LECTURE', '2016-04-21 11:56:30'),
('1306002', '1', 'COMPA1', 'SE', 'LECTURE', '2016-04-21 11:56:31'),
('1306012', '1', 'COMPA1', 'SE', 'LECTURE', '2016-04-21 11:56:31'),
('1306021', '1', 'COMPA1', 'SE', 'LECTURE', '2016-04-21 11:56:31'),
('1306025', '1', 'COMPA1', 'SE', 'LECTURE', '2016-04-21 11:56:31'),
('1306026', '1', 'COMPA1', 'SE', 'LECTURE', '2016-04-21 11:56:31'),
('1306042', '1', 'COMPA1', 'SE', 'LECTURE', '2016-04-21 11:56:32'),
('1306043', '1', 'COMPA1', 'SE', 'LECTURE', '2016-04-21 11:56:32'),
('1306045', '1', 'COMPA1', 'SE', 'LECTURE', '2016-04-21 11:56:32'),
('1306046', '1', 'COMPA1', 'SE', 'LECTURE', '2016-04-21 11:56:32'),
('1306047', '1', 'COMPA1', 'SE', 'LECTURE', '2016-04-21 11:56:32'),
('1306049', '1', 'COMPA1', 'SE', 'LECTURE', '2016-04-21 11:56:33'),
('1306050', '1', 'COMPA1', 'SE', 'LECTURE', '2016-04-21 11:56:33'),
('1306052', '1', 'COMPA1', 'SE', 'LECTURE', '2016-04-21 11:56:33'),
('1306053', '1', 'COMPA1', 'SE', 'LECTURE', '2016-04-21 11:56:33'),
('1306054', '1', 'COMPA1', 'SE', 'LECTURE', '2016-04-21 11:56:33'),
('1306057', '1', 'COMPA1', 'SE', 'LECTURE', '2016-04-21 11:56:34'),
('1306058', '1', 'COMPA1', 'SE', 'LECTURE', '2016-04-21 11:56:34'),
('1306062', '1', 'COMPA1', 'SE', 'LECTURE', '2016-04-21 11:56:34'),
('1306068', '1', 'COMPA1', 'SE', 'LECTURE', '2016-04-21 11:56:35'),
('1306070', '1', 'COMPA1', 'SE', 'LECTURE', '2016-04-21 11:56:35'),
('1306070', '1', 'COMPA1', 'SE', 'LECTURE', '2016-04-21 11:56:36'),
('1306002', '1', 'COMPA1', 'SE', 'Practical', '2016-04-21 12:00:52'),
('1306001', '1', 'COMPA1', 'SE', 'Practical', '2016-04-22 15:46:29'),
('1306002', '1', 'COMPA1', 'SE', 'Practical', '2016-04-22 15:46:30'),
('1306012', '1', 'COMPA1', 'SE', 'Practical', '2016-04-22 15:46:34'),
('1306001', '1', 'COMPA1', 'SE', 'Practical', '2016-04-22 16:06:27'),
('1306002', '1', 'COMPA1', 'SE', 'Practical', '2016-04-22 16:06:29'),
('1306012', '1', 'COMPA1', 'SE', 'Practical', '2016-04-22 16:06:30'),
('1306021', '1', 'COMPA1', 'SE', 'Practical', '2016-04-22 16:06:31'),
('1306026', '0', 'COMPA1', 'SE', 'Practical', '2016-04-22 16:06:31'),
('1306043', '0', 'COMPA1', 'SE', 'Practical', '2016-04-22 16:06:32'),
('1306046', '0', 'COMPA1', 'SE', 'Practical', '2016-04-22 16:06:33'),
('1306049', '0', 'COMPA1', 'SE', 'Practical', '2016-04-22 16:06:34'),
('1306053', '0', 'COMPA1', 'SE', 'Practical', '2016-04-22 16:06:34'),
('1306053', '0', 'COMPA1', 'SE', 'Practical', '2016-04-22 16:06:35'),
('1306053', '1', 'COMPA1', 'SE', 'Practical', '2016-04-22 16:06:36'),
('1306054', '1', 'COMPA1', 'SE', 'Practical', '2016-04-22 16:06:37'),
('1306054', '1', 'COMPA1', 'SE', 'Practical', '2016-04-22 16:06:37'),
('1306057', '1', 'COMPA1', 'SE', 'Practical', '2016-04-22 16:06:37'),
('1306057', '1', 'COMPA1', 'SE', 'Practical', '2016-04-22 16:06:37'),
('1306058', '1', 'COMPA1', 'SE', 'Practical', '2016-04-22 16:06:37'),
('1306062', '1', 'COMPA1', 'SE', 'Practical', '2016-04-22 16:06:38'),
('1306062', '1', 'COMPA1', 'SE', 'Practical', '2016-04-22 16:06:38'),
('1306068', '1', 'COMPA1', 'SE', 'Practical', '2016-04-22 16:06:38'),
('1306070', '0', 'COMPA1', 'SE', 'Practical', '2016-04-22 16:06:39'),
('1306068', '0', 'COMPA1', 'SE', 'Practical', '2016-04-22 16:06:39'),
('1306021', '0', 'COMPA1', 'SE', 'Practical', '2016-04-22 16:06:40'),
('1306001', '1', 'COMPA1', 'SE', 'Practical', '2016-04-22 16:06:49'),
('1306021', '1', 'COMPA1', 'SE', 'Practical', '2016-04-22 16:06:50'),
('1306042', '1', 'COMPA1', 'SE', 'Practical', '2016-04-22 16:06:50'),
('1306043', '1', 'COMPA1', 'SE', 'Practical', '2016-04-22 16:06:50'),
('1306045', '1', 'COMPA1', 'SE', 'Practical', '2016-04-22 16:06:50'),
('1306045', '1', 'COMPA1', 'SE', 'Practical', '2016-04-22 16:06:51'),
('1306045', '1', 'COMPA1', 'SE', 'Practical', '2016-04-22 16:06:51'),
('1306046', '1', 'COMPA1', 'SE', 'Practical', '2016-04-22 16:06:51'),
('1306050', '0', 'COMPA1', 'SE', 'Practical', '2016-04-22 16:06:52'),
('1306053', '0', 'COMPA1', 'SE', 'Practical', '2016-04-22 16:06:52'),
('1306053', '0', 'COMPA1', 'SE', 'Practical', '2016-04-22 16:06:53'),
('1306057', '0', 'COMPA1', 'SE', 'Practical', '2016-04-22 16:06:53'),
('1306062', '0', 'COMPA1', 'SE', 'Practical', '2016-04-22 16:06:53'),
('1306068', '0', 'COMPA1', 'SE', 'Practical', '2016-04-22 16:06:54'),
('1306070', '0', 'COMPA1', 'SE', 'Practical', '2016-04-22 16:06:55'),
('1306070', '1', 'COMPA1', 'SE', 'Practical', '2016-04-22 16:06:55'),
('1306070', '0', 'COMPA1', 'SE', 'Practical', '2016-04-22 16:06:55'),
('1306070', '0', 'COMPA1', 'SE', 'Practical', '2016-04-22 16:06:56'),
('1306070', '0', 'COMPA1', 'SE', 'Practical', '2016-04-22 16:06:56'),
('1306070', '0', 'COMPA1', 'SE', 'Practical', '2016-04-22 16:06:56'),
('1306002', '1', 'COMPA1', 'SE', 'Practical', '2016-04-22 16:06:57'),
('1306001', '0', 'COMPA1', 'SE', 'Practical', '2016-04-22 16:06:58'),
('1306001', '1', 'COMPA1', 'SE', 'LECTURE', '2016-04-22 16:30:21'),
('1306002', '1', 'COMPA1', 'SE', 'LECTURE', '2016-04-22 16:30:22'),
('1306012', '1', 'COMPA1', 'SE', 'LECTURE', '2016-04-22 16:30:22'),
('1306021', '1', 'COMPA1', 'SE', 'LECTURE', '2016-04-22 16:30:22'),
('1306026', '1', 'COMPA1', 'SE', 'LECTURE', '2016-04-22 16:30:25'),
('1306025', '1', 'COMPA1', 'SE', 'LECTURE', '2016-04-22 16:30:25'),
('1306042', '1', 'COMPA1', 'SE', 'LECTURE', '2016-04-22 16:30:25'),
('1306043', '1', 'COMPA1', 'SE', 'LECTURE', '2016-04-22 16:30:25'),
('1306046', '1', 'COMPA1', 'SE', 'LECTURE', '2016-04-22 16:30:26'),
('1306045', '1', 'COMPA1', 'SE', 'LECTURE', '2016-04-22 16:30:26'),
('1306047', '1', 'COMPA1', 'SE', 'LECTURE', '2016-04-22 16:30:26'),
('1306049', '1', 'COMPA1', 'SE', 'LECTURE', '2016-04-22 16:30:26'),
('1306050', '1', 'COMPA1', 'SE', 'LECTURE', '2016-04-22 16:30:26'),
('1306052', '1', 'COMPA1', 'SE', 'LECTURE', '2016-04-22 16:30:26'),
('1306053', '1', 'COMPA1', 'SE', 'LECTURE', '2016-04-22 16:30:26'),
('1306054', '1', 'COMPA1', 'SE', 'LECTURE', '2016-04-22 16:30:27'),
('1306057', '1', 'COMPA1', 'SE', 'LECTURE', '2016-04-22 16:30:27'),
('1306068', '0', 'COMPA1', 'SE', 'LECTURE', '2016-04-22 16:30:27'),
('1306062', '0', 'COMPA1', 'SE', 'LECTURE', '2016-04-22 16:30:27'),
('1306068', '1', 'COMPA1', 'SE', 'LECTURE', '2016-04-22 16:30:28'),
('1306070', '1', 'COMPA1', 'SE', 'LECTURE', '2016-04-22 16:30:28'),
('1306070', '1', 'COMPA1', 'SE', 'LECTURE', '2016-04-22 16:30:28'),
('1306062', '1', 'COMPA1', 'JSP', 'LECTURE', '2016-04-26 11:05:08'),
('1306001', '1', 'COMPA1', 'JSP', 'LECTURE', '2016-04-26 11:05:59'),
('1306001', '1', 'COMPA1', 'ST', 'LECTURE', '2016-04-26 11:06:13'),
('1306002', '1', 'COMPA1', 'SE', 'Practical', '2016-04-30 09:57:32'),
('1306021', '1', 'COMPA1', 'SE', 'Practical', '2016-04-30 09:57:40'),
('1306025', '1', 'COMPA1', 'SE', 'Practical', '2016-04-30 09:57:40'),
('1306026', '1', 'COMPA1', 'SE', 'Practical', '2016-04-30 09:57:40'),
('1306042', '1', 'COMPA1', 'SE', 'Practical', '2016-04-30 09:57:40'),
('1306043', '1', 'COMPA1', 'SE', 'Practical', '2016-04-30 09:57:40'),
('1306045', '1', 'COMPA1', 'SE', 'Practical', '2016-04-30 09:57:41'),
('1306046', '1', 'COMPA1', 'SE', 'Practical', '2016-04-30 09:57:41'),
('1306047', '1', 'COMPA1', 'SE', 'Practical', '2016-04-30 09:57:41'),
('1306049', '1', 'COMPA1', 'SE', 'Practical', '2016-04-30 09:57:41'),
('1306050', '1', 'COMPA1', 'SE', 'Practical', '2016-04-30 09:57:41'),
('1306052', '1', 'COMPA1', 'SE', 'Practical', '2016-04-30 09:57:41'),
('1306053', '1', 'COMPA1', 'SE', 'Practical', '2016-04-30 09:57:42'),
('1306054', '1', 'COMPA1', 'SE', 'Practical', '2016-04-30 09:57:42'),
('1306057', '1', 'COMPA1', 'SE', 'Practical', '2016-04-30 09:57:42'),
('1306058', '1', 'COMPA1', 'SE', 'Practical', '2016-04-30 09:57:42'),
('1306062', '1', 'COMPA1', 'SE', 'Practical', '2016-04-30 09:57:42'),
('1306068', '1', 'COMPA1', 'SE', 'Practical', '2016-04-30 09:57:42'),
('1306070', '1', 'COMPA1', 'SE', 'Practical', '2016-04-30 09:57:42'),
('1306070', '1', 'COMPA1', 'SE', 'Practical', '2016-04-30 09:57:43'),
('1306002', '1', 'COMPA1', 'SE', 'Practical', '2016-04-30 09:59:11'),
('1306021', '1', 'COMPA1', 'SE', 'Practical', '2016-04-30 09:59:11'),
('1306025', '1', 'COMPA1', 'SE', 'Practical', '2016-04-30 09:59:11'),
('1306026', '1', 'COMPA1', 'SE', 'Practical', '2016-04-30 09:59:11'),
('1306042', '1', 'COMPA1', 'SE', 'Practical', '2016-04-30 09:59:11'),
('1306043', '1', 'COMPA1', 'SE', 'Practical', '2016-04-30 09:59:12'),
('1306045', '1', 'COMPA1', 'SE', 'Practical', '2016-04-30 09:59:12'),
('1306046', '1', 'COMPA1', 'SE', 'Practical', '2016-04-30 09:59:12'),
('1306047', '1', 'COMPA1', 'SE', 'Practical', '2016-04-30 09:59:12'),
('1306049', '1', 'COMPA1', 'SE', 'Practical', '2016-04-30 09:59:12'),
('1306050', '1', 'COMPA1', 'SE', 'Practical', '2016-04-30 09:59:12'),
('1306052', '1', 'COMPA1', 'SE', 'Practical', '2016-04-30 09:59:12'),
('1306053', '1', 'COMPA1', 'SE', 'Practical', '2016-04-30 09:59:13'),
('1306054', '1', 'COMPA1', 'SE', 'Practical', '2016-04-30 09:59:13'),
('1306057', '1', 'COMPA1', 'SE', 'Practical', '2016-04-30 09:59:13'),
('1306058', '1', 'COMPA1', 'SE', 'Practical', '2016-04-30 09:59:13'),
('1306062', '1', 'COMPA1', 'SE', 'Practical', '2016-04-30 09:59:13'),
('1306068', '1', 'COMPA1', 'SE', 'Practical', '2016-04-30 09:59:14'),
('1306070', '1', 'COMPA1', 'SE', 'Practical', '2016-04-30 09:59:14'),
('1306070', '1', 'COMPA1', 'SE', 'Practical', '2016-04-30 09:59:14'),
('1306002', '1', 'COMPA1', 'SE', 'Practical', '2016-04-30 10:32:04'),
('1306025', '0', 'COMPA1', 'SE', 'Practical', '2016-04-30 10:32:04'),
('1306025', '1', 'COMPA1', 'SE', 'Practical', '2016-04-30 10:32:05'),
('1306042', '0', 'COMPA1', 'SE', 'Practical', '2016-04-30 10:32:06'),
('1306045', '1', 'COMPA1', 'SE', 'Practical', '2016-04-30 10:32:06');

-- --------------------------------------------------------

--
-- Table structure for table `relation_info`
--

CREATE TABLE IF NOT EXISTS `relation_info` (
  `class_id` text NOT NULL,
  `subject_id` text NOT NULL,
  `teacher_id` text NOT NULL
) ENGINE=InnoDB DEFAULT CHARSET=latin1;

--
-- Dumping data for table `relation_info`
--

INSERT INTO `relation_info` (`class_id`, `subject_id`, `teacher_id`) VALUES
('COMPA1', 'AJAVA', 'CM0601'),
('COMPA1', 'SE', 'CM0602'),
('COMPA1', 'ST', 'CM0603'),
('COMPA1', 'JSP', 'CM0604'),
('COMPA2', 'JSP', 'CM0604'),
('COMPA2', 'SE', 'CM0605'),
('COMPA2', 'ST', 'CM0603'),
('COMPA2', 'AJAVA', 'CM0606'),
('COMPA3', 'AJAVA', 'CM0601'),
('COMPA3', 'SE', 'CM0602');

-- --------------------------------------------------------

--
-- Table structure for table `result`
--

CREATE TABLE IF NOT EXISTS `result` (
  `student_id` varchar(7) NOT NULL,
  `marks` int(11) NOT NULL,
  `subject` varchar(20) NOT NULL,
  `result_type` varchar(15) NOT NULL,
  `max_marks` int(11) NOT NULL,
  PRIMARY KEY (`student_id`,`subject`,`result_type`)
) ENGINE=InnoDB DEFAULT CHARSET=latin1;

--
-- Dumping data for table `result`
--

INSERT INTO `result` (`student_id`, `marks`, `subject`, `result_type`, `max_marks`) VALUES
('1206089', 12, 'SE', 'Oral', 25),
('1206089', 0, 'SE', 'Practical', 25),
('1206089', 18, 'SE', 'Test_1', 20),
('1306001', 12, 'AJAVA', 'Test_2', 20),
('1306001', 12, 'SE', 'Oral', 25),
('1306001', 0, 'SE', 'Practical', 25),
('1306001', 12, 'SE', 'Test_1', 20),
('1306001', 0, 'SE', 'Test_2', 20),
('1306002', 12, 'AJAVA', 'Test_2', 20),
('1306002', 24, 'SE', 'Oral', 25),
('1306002', 0, 'SE', 'Practical', 25),
('1306002', 13, 'SE', 'Test_1', 20),
('1306002', 0, 'SE', 'Test_2', 20),
('1306012', 20, 'AJAVA', 'Test_2', 20),
('1306012', 0, 'SE', 'Oral', 25),
('1306012', 0, 'SE', 'Practical', 25),
('1306012', 18, 'SE', 'Test_1', 20),
('1306021', 18, 'AJAVA', 'Test_2', 20),
('1306021', 0, 'SE', 'Oral', 25),
('1306021', 0, 'SE', 'Practical', 25),
('1306021', 17, 'SE', 'Test_1', 20),
('1306025', 18, 'AJAVA', 'Test_2', 20),
('1306025', 0, 'SE', 'Oral', 25),
('1306025', 0, 'SE', 'Practical', 25),
('1306025', 19, 'SE', 'Test_1', 20),
('1306025', 0, 'SE', 'Test_2', 20),
('1306026', 17, 'AJAVA', 'Test_2', 20),
('1306026', 0, 'SE', 'Oral', 25),
('1306026', 0, 'SE', 'Practical', 25),
('1306026', 20, 'SE', 'Test_1', 20),
('1306026', 0, 'SE', 'Test_2', 20),
('1306042', 18, 'AJAVA', 'Test_2', 20),
('1306042', 0, 'SE', 'Oral', 25),
('1306042', 0, 'SE', 'Practical', 25),
('1306042', 18, 'SE', 'Test_1', 20),
('1306042', 0, 'SE', 'Test_2', 20),
('1306043', 17, 'AJAVA', 'Test_2', 20),
('1306043', 0, 'SE', 'Oral', 25),
('1306043', 0, 'SE', 'Practical', 25),
('1306043', 18, 'SE', 'Test_1', 20),
('1306043', 0, 'SE', 'Test_2', 20),
('1306045', 16, 'AJAVA', 'Test_2', 20),
('1306045', 0, 'SE', 'Oral', 25),
('1306045', 0, 'SE', 'Practical', 25),
('1306045', 13, 'SE', 'Test_1', 20),
('1306045', 0, 'SE', 'Test_2', 20),
('1306046', 18, 'AJAVA', 'Test_2', 20),
('1306046', 0, 'SE', 'Oral', 25),
('1306046', 0, 'SE', 'Practical', 25),
('1306046', 17, 'SE', 'Test_1', 20),
('1306046', 0, 'SE', 'Test_2', 20),
('1306047', 20, 'AJAVA', 'Test_2', 20),
('1306047', 0, 'SE', 'Oral', 25),
('1306047', 0, 'SE', 'Practical', 25),
('1306047', 18, 'SE', 'Test_1', 20),
('1306047', 0, 'SE', 'Test_2', 20),
('1306049', 20, 'AJAVA', 'Test_2', 20),
('1306049', 0, 'SE', 'Oral', 25),
('1306049', 0, 'SE', 'Practical', 25),
('1306049', 15, 'SE', 'Test_1', 20),
('1306049', 0, 'SE', 'Test_2', 20),
('1306050', 18, 'AJAVA', 'Test_2', 20),
('1306050', 0, 'SE', 'Oral', 25),
('1306050', 0, 'SE', 'Practical', 25),
('1306050', 18, 'SE', 'Test_1', 20),
('1306050', 0, 'SE', 'Test_2', 20),
('1306052', 17, 'AJAVA', 'Test_2', 20),
('1306052', 0, 'SE', 'Oral', 25),
('1306052', 0, 'SE', 'Practical', 25),
('1306052', 16, 'SE', 'Test_1', 20),
('1306052', 0, 'SE', 'Test_2', 20),
('1306053', 15, 'AJAVA', 'Test_2', 20),
('1306053', 0, 'SE', 'Oral', 25),
('1306053', 0, 'SE', 'Practical', 25),
('1306053', 19, 'SE', 'Test_1', 20),
('1306053', 0, 'SE', 'Test_2', 20),
('1306054', 18, 'AJAVA', 'Test_2', 20),
('1306054', 0, 'SE', 'Oral', 25),
('1306054', 0, 'SE', 'Practical', 25),
('1306054', 16, 'SE', 'Test_1', 20),
('1306054', 0, 'SE', 'Test_2', 20),
('1306057', 18, 'AJAVA', 'Test_2', 20),
('1306057', 0, 'SE', 'Oral', 25),
('1306057', 0, 'SE', 'Practical', 25),
('1306057', 18, 'SE', 'Test_1', 20),
('1306057', 0, 'SE', 'Test_2', 20),
('1306058', 15, 'AJAVA', 'Test_2', 20),
('1306058', 0, 'SE', 'Oral', 25),
('1306058', 0, 'SE', 'Practical', 25),
('1306058', 18, 'SE', 'Test_1', 20),
('1306058', 0, 'SE', 'Test_2', 20),
('1306062', 13, 'AJAVA', 'Test_2', 20),
('1306062', 0, 'SE', 'Oral', 25),
('1306062', 0, 'SE', 'Practical', 25),
('1306062', 18, 'SE', 'Test_1', 20),
('1306062', 0, 'SE', 'Test_2', 20),
('1306068', 18, 'AJAVA', 'Test_2', 20),
('1306068', 0, 'SE', 'Oral', 25),
('1306068', 0, 'SE', 'Practical', 25),
('1306068', 19, 'SE', 'Test_1', 20),
('1306068', 0, 'SE', 'Test_2', 20),
('1306070', 18, 'AJAVA', 'Test_2', 20),
('1306070', 0, 'SE', 'Oral', 25),
('1306070', 0, 'SE', 'Practical', 25),
('1306070', 18, 'SE', 'Test_1', 20),
('1306070', 0, 'SE', 'Test_2', 20);

-- --------------------------------------------------------

--
-- Table structure for table `student_info`
--

CREATE TABLE IF NOT EXISTS `student_info` (
  `student_id` varchar(7) NOT NULL,
  `Student_name` text NOT NULL,
  `student_pass` text NOT NULL,
  `class_id` text NOT NULL,
  `type` text NOT NULL,
  `email_id` varchar(40) NOT NULL,
  PRIMARY KEY (`student_id`),
  UNIQUE KEY `student_id` (`student_id`),
  UNIQUE KEY `student_id_2` (`student_id`)
) ENGINE=InnoDB DEFAULT CHARSET=latin1;

--
-- Dumping data for table `student_info`
--

INSERT INTO `student_info` (`student_id`, `Student_name`, `student_pass`, `class_id`, `type`, `email_id`) VALUES
('1306001', 'Vidyabhushan Adav', '1306001', 'COMPA1', 'STUDENT', ''),
('1306002', 'Vaibhav Anasune', '1306002', 'COMPA1', 'STUDENT', ''),
('1306021', 'Harsh Chidrewar', '1306021', 'COMPA1', 'STUDENT', ''),
('1306025', 'Rohit Desai', '1306025', 'COMPA1', 'STUDENT', ''),
('1306026', 'Vinay Desai', '1306026', 'COMPA1', 'STUDENT', ''),
('1306042', 'Shubham Ghadge', '1306042', 'COMPA1', 'STUDENT', ''),
('1306043', 'Sarthak Gophane', '1306043', 'COMPA1', 'STUDENT', ''),
('1306045', 'Alvis Ingle', '1306045', 'COMPA1', 'STUDENT', 'alvisingle98@gmail.com'),
('1306046', 'Apurva Jagtap', '1306046', 'COMPA1', 'STUDENT', ''),
('1306047', 'Nikita Jagtap', '1306047', 'COMPA1', 'STUDENT', ''),
('1306049', 'Rahil Jaiswal', '1306049', 'COMPA1', 'STUDENT', 'rj783325@gmail.com'),
('1306050', 'Divyani Kachi', '1306050', 'COMPA1', 'STUDENT', ''),
('1306052', 'Ashutosh Kalamkar', '1306052', 'COMPA1', 'STUDENT', ''),
('1306053', 'Manali Kale', '1306053', 'COMPA1', 'STUDENT', ''),
('1306054', 'Amogh Kalyanshetti', '1306054', 'COMPA1', 'STUDENT', 'amoghkalyanshetti@gmail.com'),
('1306057', 'Sakshi Katkar', '1306057', 'COMPA1', 'STUDENT', ''),
('1306058', 'Bhagyashree Kharat', '1306058', 'COMPA1', 'STUDENT', ''),
('1306062', 'Vaibhav Kumbhar', '1306062', 'COMPA1', 'STUDENT', '01vaibhavkumbhar@gmail.com'),
('1306068', 'Kiran Mandhare', '1306068', 'COMPA1', 'STUDENT', ''),
('1306070', 'Kajal Mapare', '1306070', 'COMPA1', 'STUDENT', ''),
('1306072', 'Ajay Morale', '1306072', 'COMPA2', 'STUDENT', ''),
('1306073', 'Pratik Naphade', '1306073', 'COMPA2', 'STUDENT', ''),
('1306074', 'Mohit Narkhade', '1306074', 'COMPA2', 'STUDENT', ''),
('1306075', 'Tejashree More', '1306075', 'COMPA2', 'STUDENT', ''),
('1306076', 'Kirtishil Patil', '1306076', 'COMPA2', 'STUDENT', ''),
('1306077', 'Shivani Patil', '1306077', 'COMPA2', 'STUDENT', ''),
('1306078', 'Manali Pawar', '1306078', 'COMPA2', 'STUDENT', ''),
('1306079', 'Mrunali Pawar', '1306079', 'COMPA2', 'STUDENT', ''),
('1306080', 'Abhijeet Pise', '1306080', 'COMPA2', 'STUDENT', ''),
('1306081', 'Trupti Rajule', '1306081', 'COMPA2', 'STUDENT', ''),
('1306082', 'Leena Shejwal', '1306082', 'COMPA2', 'STUDENT', ''),
('1306083', 'Aishwarya Rathod', '1306083', 'COMPA2', 'STUDENT', ''),
('1306084', 'Omkar Sakhare', '1306084', 'COMPA2', 'STUDENT', ''),
('1306085', 'Kalyanee Sawant', '1306085', 'COMPA2', 'STUDENT', ''),
('1306086', 'Farheen Shaikh', '1306086', 'COMPA2', 'STUDENT', ''),
('1306087', 'Prakash Sharma', '1306087', 'COMPA2', 'STUDENT', ''),
('1306088', 'Aditya Shelar', '1306088', 'COMPA2', 'STUDENT', ''),
('1306089', 'Juhi Shelar', '1306089', 'COMPA2', 'STUDENT', ''),
('1306090', 'Aishwarya Shinde', '1306090', 'COMPA2', 'STUDENT', ''),
('1306091', 'Kulbhushan Shinde', '1306091', 'COMPA2', 'STUDENT', ''),
('1306092', 'Mayuri Shinde', '1306092', 'COMPA2', 'STUDENT', ''),
('1306093', 'Shruti Shinde', '1306093', 'COMPA2', 'STUDENT', ''),
('1306094', 'Prajakta Shirke', '1306094', 'COMPA2', 'STUDENT', ''),
('1306095', 'Dhawal Singh', '1306095', 'COMPA2', 'STUDENT', ''),
('1306096', 'Dheeraj Soni', '1306096', 'COMPA2', 'STUDENT', ''),
('1306097', 'Saurabh Supnekar', '1306097', 'COMPA2', 'STUDENT', ''),
('1306098', 'Rohit Veetal', '1306098', 'COMPA2', 'STUDENT', ''),
('1306099', 'Abhishek Kulkarni', '1306099', 'COMPA2', 'STUDENT', ''),
('1306100', 'Deepak Shivarkar', '1306100', 'COMPA2', 'STUDENT', ''),
('1306101', 'Prakash Rathod', '1306101', 'COMPA2', 'STUDENT', ''),
('1306102', 'Prasanna Vidhate', '1306102', 'COMPA2', 'STUDENT', ''),
('1326234', 'Mihie Kulkarni', '1326234', 'COMPA3', 'STUDENT', 'kulkarnimihir@gmail.com'),
('1326247', 'Vaibhav Sankpal', '1326247', 'COMPA3', 'STUDENT', 'vaibhavsankpal@gmail.com');

-- --------------------------------------------------------

--
-- Table structure for table `teacher_info`
--

CREATE TABLE IF NOT EXISTS `teacher_info` (
  `teacher_id` varchar(10) NOT NULL,
  `teacher_pass` text NOT NULL,
  `teacher_sub` text NOT NULL,
  `teacher_class` text NOT NULL,
  `teacher_name` text NOT NULL,
  PRIMARY KEY (`teacher_id`)
) ENGINE=InnoDB DEFAULT CHARSET=latin1;

--
-- Dumping data for table `teacher_info`
--

INSERT INTO `teacher_info` (`teacher_id`, `teacher_pass`, `teacher_sub`, `teacher_class`, `teacher_name`) VALUES
('CM0601', 'CM0601', 'JSP', 'COMPA1', 'Jyoti Hange'),
('CM0602', 'CM0602', 'SE', 'COMPA1', 'Megha Yawalkar'),
('CM0603', 'CM0603', 'ST', 'COMPA1', 'Jyoti Dhandhale'),
('CM0604', 'CM0604', 'JSP', 'COMPA1', 'Sunil Emeakar'),
('CM0605', 'CM0605', 'MIS', 'COMPA1', 'MIS Maam'),
('CM0606', 'CM0606', 'AJava', 'COMPA2', 'Archana Galshitwar'),
('CM0607', 'CM0607', 'SE', 'COMPA2', 'Nanda Wagh');

-- --------------------------------------------------------

--
-- Table structure for table `timetable`
--

CREATE TABLE IF NOT EXISTS `timetable` (
  `Time` text NOT NULL,
  `Monday` text NOT NULL,
  `Tuesday` text NOT NULL,
  `Wednesday` text NOT NULL,
  `Thursday` text NOT NULL,
  `Friday` text NOT NULL,
  `Saturday` text NOT NULL,
  `class_id` text NOT NULL
) ENGINE=InnoDB DEFAULT CHARSET=latin1;

--
-- Dumping data for table `timetable`
--

INSERT INTO `timetable` (`Time`, `Monday`, `Tuesday`, `Wednesday`, `Thursday`, `Friday`, `Saturday`, `class_id`) VALUES
('08.30-09.30', '-', '-', '-', '-', '-', '-', 'COMPA1'),
('09.30-10.30', 'SE(A),ST(B),JSP(C)', 'SE(B),ST(C),JSP(A)', 'SE(C),ST(A),JSP(B)', 'ST(C),AJ(A)', 'SE(TH)(C2)', '-', 'COMPA1'),
('10.30-11.30', 'SE(A),ST(B),JSP(C)', 'SE(B),ST(C),JSP(A)', 'SE(C),ST(A),JSP(B)', 'ST(C),AJ(A)', 'SE(TH)(C2)', '', 'COMPA1'),
('11.30-12.00', 'BREAK', 'BREAK', 'BREAK', 'BREAK', 'BREAK', 'BREAK', 'COMPA1'),
('12.00-02.00', 'SE(TH)(C1)', 'SE(TH)(C1)', 'AJ(TH)(C1)', 'MIS(TH)(C1)', 'AJ(TH)(C1)', '-', 'COMPA1'),
('02.00-04.00', 'ST(TH)(C1)', 'JSP(TH)(C1)', 'JSP(TH)(C1)', 'ST(A),AJ(B)', 'ST(B),AJ(C)', '-', 'COMPA1'),
('08.30-09.30', '-', '-', 'MIS(TH)(C2)', '-', '-', '-', 'COMPA2'),
('09.30-10.30', 'SE(A),ST(B),JSP(C)', 'SE(B),ST(C),JSP(A)', 'SE(C),ST(A),JSP(B)', 'ST(C),AJ(A)', 'SE(TH)(C2)', '-', 'COMPA2'),
('10.30-11.30', 'SE(A),ST(B),JSP(C)', 'SE(B),ST(C),JSP(A)', 'SE(C),ST(A),JSP(B)', 'ST(C),AJ(A)', 'SE(TH)(C2)', '-', 'COMPA2'),
('11.30-12.00', 'BREAK', 'BREAK', 'BREAK', 'BREAK', 'BREAK', 'BREAK', 'COMPA2'),
('12.00-02.00', 'SE(TH)(C2)', 'JSP(TH)(C2)', 'ST(TH)(C2)', 'MIS(TH)(C2)', 'JSP(TH)(C2)', '-', 'COMPA2'),
('02.00-04.00', '-', 'AJ(TH)(C2)', 'AJ(TH)(C2)', 'ST(A),AJ(B)', 'ST(B),AJ(C)', '-', 'COMPA2'),
('08.30-09.30', '-', '-', 'MIS(TH)(C2)(A2)', 'MP-A-COMPL1(B2)', 'MP-C-COMPL1(B2)', 'MP-B-COMPL1(B2)', 'CM0602'),
('09.30-10.30', 'SE-A-ITL1(A1)', 'SE-B-ITL1(A1)', 'SE-C-ITL1(A1)', 'MP-A-COMPL1(B2)', 'MP-C-COMPL1(B2)', 'MP-B-COMPL1(B2)', 'CM0602'),
('10.30-11.30', 'SE-A-ITL1(A1)\r\n', 'SE-B-ITL1(A1)', 'SE-C-ITL1(A1)', '-', '-', 'MP-B-COMPL1(B2)', 'CM0602'),
('11.30-12.00', 'BREAK', 'BREAK', 'BREAK', 'BREAK', 'BREAK', 'BREAK', 'CM0602'),
('12.00-01.00', 'SE(TH)(C1)(A1)', 'SE(TH)(C1)(A1)', 'P&S', 'MIS(TH)(C2)(A2)', 'P&S', 'MP-B-COMPL1(B2)', 'CM0602'),
('01.00-02.00', 'SE(TH)(C1)(A1)', 'SE(TH)(C1)(A1)', 'P&S', 'MIS(TH)(C2)(A2)', 'P&S', '-', 'CM0602'),
('02.00-04.00', '-', '-', '-', '-', '-', '-', 'CM0602'),
('08.30-09.30', '-', '-', '-', '-', '-', '-', 'CM0607'),
('09.30-10.30', 'SE-A-ITL2(A2)', 'SE-B-ITL2(A2)', 'SE-C-ITL2(A2)', '-', 'SE(TH)(C2)(A2)', '-', 'CM0607'),
('10.30-11.30', 'SE-A-ITL2(A2)', 'SE-B-ITL2(A2)', 'SE-C-ITL2(A2)', '-', 'SE(TH)(C2)(A2)', '-', 'CM0607'),
('12.00-02.00', 'SE(TH)(C2)(A2)', '-', 'OS(TH)(C4)(B2)', 'P&S', 'P&S', '-', 'CM0607'),
('02.00-04.00', 'OS-A-ITL2(B2)', 'OS-B-ITL2(B2)', 'OS-C-ITL2(B2)', 'OS(TH)(C2)(B2)', '-', '-', 'CM0607'),
('08.30-09.30', '-', '-', 'MP-C-COMPL1(B1)', '-', '-', '-', 'CM0606'),
('09.30-10.30', 'MP-A-COMPL1(B1)', 'MP-B-COMPL1(B1)', 'MP-C-COMPL1(B1)', 'AJ-A-COMPL3(A2)', '-', '-', 'CM0606'),
('10.30-11.30', 'MP-A-COMPL1(B1)', 'MP-B-COMPL1(B1)', '-', 'AJ-A-COMPL3(A2)', '-', '-', 'CM0606'),
('11.30-12.00', 'BREAK', 'BREAK', 'BREAK', 'BREAK', 'BREAK', 'BREAK', 'CM0606'),
('12.00-02.00', 'MP(TH)(C3)(B1)', 'P&S', '-', 'MP(TH)(C3)(B1)', 'P&S', '-', 'CM0606'),
('02.00-04.00', '-', 'AJ(TH)(C2)(A2)', 'AJ(TH)(C2)(A2)', 'AJ-B-COMPL3(A2)', 'AJ-C-COMPL3(A2)', '-', 'CM0606'),
('11.30-12.00', 'BREAK', 'BREAK', 'BREAK', 'BREAK', 'BREAK', 'BREAK', 'CM0607');

/*!40101 SET CHARACTER_SET_CLIENT=@OLD_CHARACTER_SET_CLIENT */;
/*!40101 SET CHARACTER_SET_RESULTS=@OLD_CHARACTER_SET_RESULTS */;
/*!40101 SET COLLATION_CONNECTION=@OLD_COLLATION_CONNECTION */;
